<?xml version="1.0" encoding="UTF-8"?>
<!DOCTYPE mapper PUBLIC "-//mybatis.org//DTD Mapper 3.0//EN" "http://mybatis.org/dtd/mybatis-3-mapper.dtd">
<mapper namespace="com.tuling.tulingmall.dao.SmsCouponDao">
    <resultMap id="couponItemParam" type="com.tuling.tulingmall.dto.SmsCouponParam" extends="com.tuling.tulingmall.mapper.SmsCouponMapper.BaseResultMap">
        <collection property="productRelationList" columnPrefix="cpr_" resultMap="com.tuling.tulingmall.mapper.SmsCouponProductRelationMapper.BaseResultMap">
        </collection>
        <collection property="productCategoryRelationList" columnPrefix="cpcr_" resultMap="com.tuling.tulingmall.mapper.SmsCouponProductCategoryRelationMapper.BaseResultMap">
        </collection>
    </resultMap>
    <select id="getItem" resultMap="couponItemParam">
        SELECT
            c.*,
            cpr.id                   cpr_id,
            cpr.product_id           cpr_product_id,
            cpr.product_name         cpr_product_name,
            cpr.product_sn           cpr_product_sn,
            cpcr.id                  cpcr_id,
            cpcr.product_category_id cpcr_product_category_id,
            cpcr.product_category_name cpcr_product_category_name,
            cpcr.parent_category_name cpcr_parent_category_name
        FROM
            sms_coupon c
            LEFT JOIN sms_coupon_product_relation cpr ON c.id = cpr.coupon_id
            LEFT JOIN sms_coupon_product_category_relation cpcr ON c.id = cpcr.coupon_id
        WHERE
            c.id = #{id}
    </select>
</mapper>