<?xml version="1.0" encoding="UTF-8"?>
<!DOCTYPE mapper PUBLIC "-//mybatis.org//DTD Mapper 3.0//EN" "http://mybatis.org/dtd/mybatis-3-mapper.dtd">
<mapper namespace="com.example.demo.mapper.MenuMapper">

    <resultMap id="ResultMenu" type="com.example.demo.domain.Menu">
        <id column="mid" property="mid" jdbcType="INTEGER"/>
        <result column="menuName" jdbcType="VARCHAR" property="menuName"/>
        <result column="parentMenu" jdbcType="VARCHAR" property="parentMenu"/>
        <result column="menuType" jdbcType="VARCHAR" property="menuType"/>
        <result column="characteristic" jdbcType="VARCHAR" property="characteristic"/>
        <result column="address" jdbcType="VARCHAR" property="address"/>
        <result column="orderNum" jdbcType="INTEGER" property="orderNum"/>
        <result column="menuState" jdbcType="TINYINT" property="menuState"/>
        <result column="menuInfo" jdbcType="VARCHAR" property="menuInfo"/>
        <result column="menuVisible" jdbcType="TINYINT" property="menuVisible"/>
        <result column="parentId" property="parentId" jdbcType="INTEGER"/>
    </resultMap>

    <sql id="allColumns">
        mid,menuName,parentMenu,menuType,characteristic,address,orderNum,menuState,menuVisible,menuInfo,parentId
    </sql>
    <!--    void deleteByIds(List list);-->
    <sql id="insertColumns">
        (menuName,parentMenu,menuType,characteristic,address,orderNum,menuState,menuInfo,parentId)
    </sql>
    <sql id="insertValues">
        (#{menuName},#{parentMenu},#{menuType},#{characteristic},#{address},#{orderNum},#{menuState},#{menuInfo},#{parentId})
    </sql>
    <!-- 新增   void insert(Menu Menu);-->
    <insert id="insert" parameterType="menu">
        INSERT INTO menu
        <include refid="insertColumns"/>
        VALUES
        <include refid="insertValues"/>
    </insert>
    <!-- 删除   void delete(int mid);-->
    <delete id="delete" parameterType="int">
        UPDATE menu
        SET menuVisible = false
        WHERE mid = #{mid}
    </delete>
    <!-- 修改   void updateMenu(Menu menu);-->
    <update id="updateMenu" parameterType="menu">
        UPDATE menu SET
        menuName=#{menuName},
        parentMenu=#{parentMenu},
        menuType=#{menuType},
        characteristic=#{characteristic},
        address=#{address},
        orderNum=#{orderNum},
        menuState=#{menuState},
        menuInfo=#{menuInfo},
        parentId=#{parentId}
        WHERE mid = #{mid}
    </update>
    <!--    Menu selectById(int mid);-->
    <select id="selectById" parameterType="int" resultType="menu">
        SELECT <include refid="allColumns"/>
        FROM menu
        WHERE  menuVisible = true AND mid = #{mid}
    </select>
    <!--     List<Menu> selectByMenu(Menu Menu);;-->
    <select id="selectByMenu" resultType="menu" parameterType="menu">
        SELECT <include refid="allColumns"/>
        FROM menu
        <where>
            <if test="1==1">
                AND menuVisible = true
            </if>
            <if test="menuName !=null and menuName !=''">
                AND menuName like "%"#{menuName}"%"
            </if>
            <if test="menuType !=null and menuType !=''">
                AND menuType = #{menuType}
            </if>
            <if test="menuState !=null and menuState!=''">
                AND menuState = #{menuState}
            </if>
        </where>
    </select>
    <!--批量删除    void deleteByIds(List list);-->
    <update id="deleteByIds" parameterType="menu">
        UPDATE menu
        SET menuVisible = false
        WHERE mid in
            <foreach collection="list" item="item" open="(" separator="," close=")">
                #{item.mid}
            </foreach>
    </update>
<!--    Menu selectByName(String menuName);-->
    <select id="selectByName" resultType="menu" parameterType="string">
        SELECT <include refid="allColumns"/>
        FROM menu
        WHERE menuName=#{menuName}
    </select>
<!--    List<Menu> selectAll();-->
    <select id="selectAll" resultType="menu">
        SELECT <include refid="allColumns"/>
        FROM menu
        WHERE menuVisible = true
    </select>
</mapper>