<?xml version="1.0" encoding="UTF-8"?>
<!DOCTYPE mapper PUBLIC "-//mybatis.org//DTD Mapper 3.0//EN" "http://mybatis.org/dtd/mybatis-3-mapper.dtd">
<mapper namespace="com.example.demo.mapper.RoleMapper">
    <resultMap id="ResultRole" type="com.example.demo.domain.Role">
        <id column="rid" property="rid" jdbcType="INTEGER"/>
        <result column="roleName" jdbcType="VARCHAR" property="roleName"/>
        <result column="roleCode" jdbcType="VARCHAR" property="roleCode"/>
        <result column="roleState" jdbcType="TINYINT" property="roleState"/>
        <result column="roleInfo" jdbcType="VARCHAR" property="roleInfo"/>
        <result column="roleVisible" jdbcType="TINYINT" property="roleVisible"/>
        <collection property="menus" ofType="com.example.demo.domain.Menu">
            <id column="mid" property="mid" jdbcType="INTEGER"/>
            <result column="menuName" jdbcType="VARCHAR" property="menuName"/>
            <result column="parentMenu" jdbcType="VARCHAR" property="parentMenu"/>
            <result column="menuType" jdbcType="VARCHAR" property="menuType"/>
            <result column="characteristic" jdbcType="VARCHAR" property="characteristic"/>
            <result column="address" jdbcType="VARCHAR" property="address"/>
            <result column="orderNum" jdbcType="INTEGER" property="orderNum"/>
            <result column="menuState" jdbcType="TINYINT" property="menuState"/>
            <result column="menuInfo" jdbcType="VARCHAR" property="menuInfo"/>
            <result column="menuVisible" jdbcType="TINYINT" property="menuVisible"/>
            <result column="parentId" property="parentId" jdbcType="INTEGER"/>
        </collection>
    </resultMap>


    <sql id="RoleColumns">
        a.rid,a.roleName,a.roleCode,a.roleState,a.roleInfo,a.roleVisible
    </sql>
    <sql id="MenuColumns">
        c.mid,c.menuName,c.parentMenu,c.menuType,c.characteristic,c.address,c.orderNum,c.menuState,c.menuVisible,c.menuInfo,c.parentId
    </sql>
    <sql id="insertColumns">
        (roleName,roleCode,roleState,roleInfo)
    </sql>
    <sql id="allValues">
        (#{roleName},#{roleCode},#{roleState},#{roleInfo})
    </sql>

    <!-- 新增   void insert(Role role);-->
    <insert id="insert" parameterType="role">
        INSERT INTO role
        <include refid="insertColumns"/>
        VALUES
        <include refid="allValues"/>
    </insert>
    <!-- 删除   void delete(int id);-->
    <delete id="delete" parameterType="int">
        UPDATE role
        SET roleVisible = false
        WHERE rid = #{rid}
    </delete>
    <!-- 修改   void updateRole(Role role);-->
    <update id="updateRole" parameterType="role">
        UPDATE role SET
        roleName=#{roleName},
        roleCode=#{roleCode},
        roleState=#{roleState},
        roleInfo=#{roleInfo}
        WHERE rid = #{rid}
    </update>

    <!--  条件分页查询：  List<User> selectByUser(User user);-->
    <select id="selectPageRole" resultMap="ResultRole" parameterType="com.example.demo.vo.RoleSearchVo">
        SELECT  <include refid="RoleColumns"/>,<include refid="MenuColumns"/>
        FROM role a LEFT JOIN role_menu b ON a.rid=b.rid
        LEFT JOIN menu c ON b.mid=c.mid
        WHERE a.rid IN
            (SELECT temp.rid FROM
                (SELECT rid FROM role
                    <where>
                        <if test="role.roleName !=null and role.roleName!=''">
                            AND roleName like "%"#{role.roleName}"%"
                        </if>
                        <if test="role.roleState !=null">
                            AND roleState = #{role.roleState}
                        </if>
                        <if test="1==1">
                            AND roleVisible = true limit #{page}, #{pageSizes}
                        </if>
                    </where>
                ) temp
            )
    </select>

    <select id="selectCount" resultType="int" parameterType="com.example.demo.vo.RoleSearchVo">
        SELECT count(1) FROM role
        <where>
            <if test="role.roleName !=null and role.roleName!=''">
                AND roleName like "%"#{role.roleName}"%"
            </if>
            <if test="role.roleState !=null">
                AND roleState = #{role.roleState}
            </if>
            <if test="1==1">
                AND roleVisible = true
            </if>
        </where>
    </select>
    <!--批量删除    void deleteByIds(List ids);-->
    <update id="deleteByIds" parameterType="int">
        UPDATE role
        SET roleVisible = false
        WHERE rid in
        <foreach collection="list" item="item" open="(" separator="," close=")">
            #{item}
        </foreach>
    </update>
<!--删除菜单通过rid-->
    <delete id="deleteMenuByRid" parameterType="int">
        DELETE FROM role_menu
        WHERE rid = #{rid}
    </delete>
<!--保存角色对应的权限-->
    <insert id="insertRoleMenu" parameterType="role">
        INSERT role_menu (rid,mid) values
        <foreach collection= "menus" item="menu" separator=",">
            (#{rid},#{menu.mid})
        </foreach>
    </insert>
<!--    通过角色名称找角色-->
    <select id="selectByName" resultType="role" parameterType="string">
        SELECT <include refid="RoleColumns"/>
        FROM role a
        WHERE roleName=#{roleName}
    </select>
<!--    查找除了系统管理以外的所有角色-->
    <select id="selectSecondRoles" resultType="role">
        SELECT <include refid="RoleColumns"/>
        FROM role a
        WHERE roleVisible = true and rid!=5
    </select>

</mapper>