<?xml version="1.0" encoding="UTF-8"?>
<!DOCTYPE mapper PUBLIC "-//mybatis.org//DTD Mapper 3.0//EN" "http://mybatis.org/dtd/mybatis-3-mapper.dtd">
<mapper namespace="com.example.demo.mapper.UserRoleMapper">
    <resultMap id="ResultUserRole" type="com.example.demo.domain.UserRole">
        <id column="uid" property="uid" jdbcType="INTEGER"/>
        <id column="rid" jdbcType="INTEGER" property="rid"/>
        <result column="urState" jdbcType="TINYINT" property="urState"/>
        <result column="startDate" jdbcType="DATE" property="startDate" />
        <result column="endDate" jdbcType="DATE" property="endDate" />
        <association property="role" javaType="com.example.demo.domain.Role">
            <id column="rid" property="rid" jdbcType="INTEGER"/>
            <result column="roleName" jdbcType="VARCHAR" property="roleName"/>
            <result column="roleCode" jdbcType="VARCHAR" property="roleCode"/>
            <result column="roleState" jdbcType="TINYINT" property="roleState"/>
            <result column="roleInfo" jdbcType="VARCHAR" property="roleInfo"/>
            <result column="roleVisible" jdbcType="TINYINT" property="roleVisible"/>
        </association>
    </resultMap>

    <select id="selectSetRole" resultMap="ResultUserRole" parameterType="com.example.demo.vo.UserRoleSearchVo">
        SELECT a.rid,a.roleName,b.uid,b.rid,b.startDate,b.endDate,b.urState
        FROM role a
        LEFT JOIN ( SELECT uid,rid,startDate,endDate,urState FROM user_role WHERE uid = #{uid} ) b ON a.rid = b.rid
        WHERE a.roleVisible = true LIMIT #{page},#{pageSizes}
    </select>

    <select id="selectUserRole" resultType="userRole" >
        SELECT rid,startDate,endDate,urState
        FROM user_role
        WHERE uid=#{uid} AND urState = true
    </select>

    <insert id="saveUserRole" parameterType="com.example.demo.domain.UserRole">
        INSERT INTO user_role
        (uid,rid,startDate,endDate,urState)
        VALUES
        <foreach collection="list" item="userRole" separator=",">
            (#{userRole.uid},#{userRole.role.rid},#{userRole.startDate},#{userRole.endDate},#{userRole.urState})
        </foreach>
    </insert>

    <select id="selectAll" resultType="com.example.demo.domain.UserRole">
        SELECT uid,rid,urState,startDate,endDate
        FROM user_role
    </select>

    <update id="updateUrState" parameterType="com.example.demo.domain.UserRole">
        <foreach item="item" collection="list" separator=";" open="" close="">
            UPDATE user_role
            SET urState = #{item.urState}
            WHERE rid = #{item.rid} AND uid = #{item.uid}
        </foreach>
    </update>

    <delete id="deleteByRid">
        delete from user_role where rid=#{rid}
    </delete>
</mapper>