<?xml version="1.0" encoding="UTF-8"?>
<!DOCTYPE mapper PUBLIC "-//mybatis.org//DTD Mapper 3.0//EN" "http://mybatis.org/dtd/mybatis-3-mapper.dtd">
<mapper namespace="com.example.demo.mapper.UserMapper">
    <resultMap id="ResultUser" type="com.example.demo.domain.User">
        <id column="id" property="id" jdbcType="INTEGER"/>
        <result column="username" jdbcType="VARCHAR" property="username"/>
        <result column="password" jdbcType="VARCHAR" property="password"/>
        <result column="name" jdbcType="VARCHAR" property="name"/>
        <result column="sex" jdbcType="VARCHAR" property="sex"/>
        <result column="mobile" jdbcType="VARCHAR" property="mobile"/>
        <result column="email" jdbcType="VARCHAR" property="email"/>
        <result column="createDate" jdbcType="TIMESTAMP" property="createDate"/>
        <result column="updateDate" jdbcType="TIMESTAMP" property="updateDate"/>
        <result column="state" jdbcType="TINYINT" property="state"/>
        <result column="info" jdbcType="VARCHAR" property="info"/>
        <result column="isVisible" jdbcType="TINYINT" property="isVisible"/>
        <collection property="roles" ofType="com.example.demo.domain.Role">
            <id column="rid" property="rid" jdbcType="INTEGER"/>
            <result column="roleName" jdbcType="VARCHAR" property="roleName"/>
            <result column="roleCode" jdbcType="VARCHAR" property="roleCode"/>
            <result column="roleState" jdbcType="VARCHAR" property="roleState"/>
            <result column="roleInfo" jdbcType="VARCHAR" property="roleInfo"/>
            <result column="roleVisible" jdbcType="TINYINT" property="roleVisible"/>
        </collection>
        <collection property="menus" ofType="com.example.demo.domain.Menu">
            <id column="mid" property="mid" jdbcType="INTEGER"/>
            <result column="menuName" jdbcType="VARCHAR" property="menuName"/>
            <result column="parentMenu" jdbcType="VARCHAR" property="parentMenu"/>
            <result column="menuType" jdbcType="VARCHAR" property="menuType"/>
            <result column="characteristic" jdbcType="VARCHAR" property="characteristic"/>
            <result column="address" jdbcType="VARCHAR" property="address"/>
            <result column="orderNum" jdbcType="INTEGER" property="orderNum"/>
            <result column="menuState" jdbcType="TINYINT" property="menuState"/>
            <result column="menuInfo" jdbcType="VARCHAR" property="menuInfo"/>
            <result column="menuVisible" jdbcType="TINYINT" property="menuVisible"/>
            <result column="parentId" property="parentId" jdbcType="INTEGER"/>
        </collection>
    </resultMap>

    <sql id="UserColumns">
        a.id,a.username,a.password,a.name,a.sex,a.mobile,a.email,a.createDate,a.updateDate,a.state,a.info,a.isVisible
    </sql>
    <sql id="RoleColumns">
        c.rid,c.roleName,c.roleCode,c.roleState,c.roleInfo,c.roleVisible
    </sql>
    <sql id="MenuColumns">
        e.mid,e.menuName,e.parentMenu,e.menuType,e.characteristic,e.address,e.orderNum,e.menuState,e.menuVisible,e.menuInfo,e.parentId
    </sql>
    <select id="selectUserRole" resultMap="ResultUser">
        SELECT <include refid="UserColumns"/>,<include refid="RoleColumns"/>
        FROM user a
        LEFT JOIN user_role b on a.id=b.uid
        LEFT JOIN role c on b.rid=c.rid
        WHERE a.isVisible=true
    </select>
    <!--    User selectByUP(String username,String password);-->
    <select id="selectByUP" resultType="user">
        SELECT id,username,name,sex,mobile,email,createDate,updateDate,state,password,info,isVisible
        FROM user
        WHERE isVisible = true AND username=#{username} AND password=#{password}
    </select>
    <!--    User selectByUsername(String username);-->
    <select id="selectByUsername" resultMap="ResultUser" parameterType="java.lang.String">
        SELECT <include refid="UserColumns"/>,<include refid="RoleColumns"/>
        FROM user a LEFT JOIN user_role b ON a.id=b.uid
        LEFT JOIN role c ON  b.rid=c.rid
        WHERE a.username=#{username}
    </select>
    <select id="selectUserById" parameterType="java.lang.Integer" resultMap="ResultUser">
        SELECT <include refid="UserColumns"/>
        FROM user a
        WHERE  isVisible = true AND id=#{id}
     </select>
    <!--    void insert(User user);-->
    <insert id="insert" parameterType="user" useGeneratedKeys="true" keyProperty="id">
        INSERT INTO user (username,name,sex,mobile,email,createDate,updateDate,state,password,info)
        VALUES (#{username},#{name},#{sex},#{mobile},#{email},#{createDate},#{updateDate},#{state},#{password},#{info})
    </insert>
    <!--    void delete(int id);-->
    <delete id="delete" parameterType="java.lang.Integer">
        UPDATE user
        SET isVisible = false
        WHERE id = #{id}
    </delete>
    <!--    void updateUser(User user);-->
    <update id="updateUser">
        UPDATE
        user SET username = #{username},
        name = #{name},
        sex = #{sex},
        mobile = #{mobile},
        email = #{email},
        createDate = #{createDate},
        updateDate = #{updateDate},
        state = #{state},
        password = #{password},
        info = #{info},
        isVisible=#{isVisible}
        WHERE id = #{id}
    </update>
    <!--    User selectById(int id);-->
    <select id="selectById" parameterType="java.lang.Integer" resultMap="ResultUser">
        SELECT <include refid="UserColumns"/>,<include refid="RoleColumns"/>
        FROM (user a LEFT JOIN user_role b ON a.id=b.uid) LEFT JOIN role c ON c.rid=b.rid
        WHERE  isVisible = true AND b.urState=true AND c.roleState=trueAND a.id=#{id}
     </select>
    <!-- 批量删除：   void deleteByIds(List list);-->
    <delete id="deleteByIds" parameterType="java.util.List">
        UPDATE user
        SET isVisible = false
        WHERE id in
            <foreach collection="list" item="item" open="(" separator="," close=")">
                #{item}
            </foreach>
    </delete>

    <delete id="deleteRole" parameterType="int">
        DELETE FROM user_role WHERE uid=#{uid}
    </delete>


    <select id="selectCount" resultType="int" parameterType="user">
        SELECT count(1) FROM user
        <where>
            <if test="username !=null and username!='' ">
                AND username like "%"#{username}"%"
            </if>
            <if test="name !=null and name !='' ">
                AND name like "%"#{name}"%"
            </if>
            <if test="state !=null">
                AND state = #{state}
            </if>
            <if test="createDate!=null and updateDate!=null and createDate!='' and updateDate!=''">
                AND createDate between #{createDate} and #{updateDate}
            </if>
            <if test="1==1">
                AND isVisible = true
            </if>
        </where>
    </select>
    <!--  条件查询：  List<User> selectByUser(User user);-->
    <select id="selectByUser" resultMap="ResultUser" parameterType="com.example.demo.vo.UserSearchVo">
        SELECT  <include refid="UserColumns"/>,<include refid="RoleColumns"/>
        FROM user a
        LEFT JOIN user_role b ON a.id=b.uid
        LEFT JOIN role c ON b.rid=c.rid
        WHERE a.id IN
            (SELECT temp.id FROM
                (SELECT id FROM user
                    <where>
                        <if test="username !=null and username!='' ">
                            AND username like "%"#{username}"%"
                        </if>
                        <if test="name !=null and name !='' ">
                            AND name like "%"#{name}"%"
                        </if>
                        <if test="state !=null">
                            AND state = #{state}
                        </if>
                        <if test="createDate!=null and updateDate!=null and createDate!='' and updateDate!=''">
                            AND createDate between #{createDate} and #{updateDate}
                        </if>
                        <if test="1==1">
                            AND isVisible = true limit #{page}, #{pageSizes}
                        </if>
                    </where>
            ) temp
        )
    </select>


    <select id="selectAllTable" resultMap="ResultUser">
      SELECT  <include refid="UserColumns"/>,<include refid="RoleColumns"/>,<include refid="MenuColumns"/>
      FROM user a
      JOIN user_role b on a.id=b.uid
      JOIN role c on b.rid=c.rid
      JOIN role_menu d on c.rid=d.rid
      JOIN menu e on d.mid=e.mid
      WHERE a.id=#{uid} and a.state = true and  b.urState=true and c.roleState=true and e.menuState=true
    </select>
    <select id="getUserNameById" parameterType="hashMap" statementType="CALLABLE">

	 	<![CDATA[
            call getUserNameById(
            #{id,mode=IN,jdbcType=INTEGER},
            #{username,mode=OUT,jdbcType=OTHER},
            #{name,mode=OUT,jdbcType=OTHER},
            #{sex,mode=OUT,jdbcType=OTHER},
            #{mobile,mode=OUT,jdbcType=OTHER},
            #{email,mode=OUT,jdbcType=OTHER},
            #{password,mode=OUT,jdbcType=OTHER}
            )
	 	]]>


	 </select>
</mapper>
